GuestAppId_Key,Region,ESX_Guest,ESX_Host,Cluster_Name,VCenter,Virtual_Processors,Total_Mem (MB),#Samples,Avg_Phys_CPU,Max_Phys_CPU,P95(Phys_CPU),P90(Phys_CPU),Avg_Virt_CPU,Max_Virt_CPU,P95(Virt_CPU),P90(Virt_CPU),Avg_Mem_Util,Max_Mem_Util,P95(Mem_Util),P90(Mem_Util),Avg_virCPU_Ready,Max_virCPU_Ready,P95(virCPU_Ready),P90(virCPU_Ready),Avg_Balloon_Mem,Max_Balloon_Mem,P95(Balloon_Mem),P90(Balloon_Mem),Avg_Mem,Max_Mem_Consumed (%),P95(Mem_Consumed %),P90(Mem_Consumed %),Avg_Net_Rate (MB/s),Max_Net_Rate (MB/s),P95(Net_Rate),P90(Net_Rate),TIO_Avg (MB/s),TIO_Max (MB/s),TIO_P95 (MB/s),TIO_P90 (MB/s),Avg_Disk_Phys_IO_Rate (R/s),Max_Disk_Phys_IO,Function_Type,Business_Criticality,Is_Risk,Development_Model,Hosting_Model,Data_Ownership,Ownership_Model,Operating_Environment,SOX_Indicator,High_Financial_Risk,Information_Classification,First_Date,Idle,Recommended_CPU,Recommended_MEM
SampleData_0,SampleData_0,SampleData_0,SampleData_0,SampleData_0,SampleData_0,SampleData_0,SampleData_0,SampleData_0,SampleData_0,SampleData_0,SampleData_0,SampleData_0,SampleData_0,SampleData_0,SampleData_0,SampleData_0,SampleData_0,SampleData_0,SampleData_0,SampleData_0,SampleData_0,SampleData_0,SampleData_0,SampleData_0,SampleData_0,SampleData_0,SampleData_0,SampleData_0,SampleData_0,SampleData_0,SampleData_0,SampleData_0,SampleData_0,SampleData_0,SampleData_0,SampleData_0,SampleData_0,SampleData_0,SampleData_0,SampleData_0,SampleData_0,SampleData_0,SampleData_0,SampleData_0,SampleData_0,SampleData_0,SampleData_0,SampleData_0,SampleData_0,SampleData_0,SampleData_0,SampleData_0,SampleData_0,SampleData_0,SampleData_0,SampleData_0,SampleData_0
SampleData_1,SampleData_1,SampleData_1,SampleData_1,SampleData_1,SampleData_1,SampleData_1,SampleData_1,SampleData_1,SampleData_1,SampleData_1,SampleData_1,SampleData_1,SampleData_1,SampleData_1,SampleData_1,SampleData_1,SampleData_1,SampleData_1,SampleData_1,SampleData_1,SampleData_1,SampleData_1,SampleData_1,SampleData_1,SampleData_1,SampleData_1,SampleData_1,SampleData_1,SampleData_1,SampleData_1,SampleData_1,SampleData_1,SampleData_1,SampleData_1,SampleData_1,SampleData_1,SampleData_1,SampleData_1,SampleData_1,SampleData_1,SampleData_1,SampleData_1,SampleData_1,SampleData_1,SampleData_1,SampleData_1,SampleData_1,SampleData_1,SampleData_1,SampleData_1,SampleData_1,SampleData_1,SampleData_1,SampleData_1,SampleData_1,SampleData_1,SampleData_1
SampleData_2,SampleData_2,SampleData_2,SampleData_2,SampleData_2,SampleData_2,SampleData_2,SampleData_2,SampleData_2,SampleData_2,SampleData_2,SampleData_2,SampleData_2,SampleData_2,SampleData_2,SampleData_2,SampleData_2,SampleData_2,SampleData_2,SampleData_2,SampleData_2,SampleData_2,SampleData_2,SampleData_2,SampleData_2,SampleData_2,SampleData_2,SampleData_2,SampleData_2,SampleData_2,SampleData_2,SampleData_2,SampleData_2,SampleData_2,SampleData_2,SampleData_2,SampleData_2,SampleData_2,SampleData_2,SampleData_2,SampleData_2,SampleData_2,SampleData_2,SampleData_2,SampleData_2,SampleData_2,SampleData_2,SampleData_2,SampleData_2,SampleData_2,SampleData_2,SampleData_2,SampleData_2,SampleData_2,SampleData_2,SampleData_2,SampleData_2,SampleData_2
SampleData_3,SampleData_3,SampleData_3,SampleData_3,SampleData_3,SampleData_3,SampleData_3,SampleData_3,SampleData_3,SampleData_3,SampleData_3,SampleData_3,SampleData_3,SampleData_3,SampleData_3,SampleData_3,SampleData_3,SampleData_3,SampleData_3,SampleData_3,SampleData_3,SampleData_3,SampleData_3,SampleData_3,SampleData_3,SampleData_3,SampleData_3,SampleData_3,SampleData_3,SampleData_3,SampleData_3,SampleData_3,SampleData_3,SampleData_3,SampleData_3,SampleData_3,SampleData_3,SampleData_3,SampleData_3,SampleData_3,SampleData_3,SampleData_3,SampleData_3,SampleData_3,SampleData_3,SampleData_3,SampleData_3,SampleData_3,SampleData_3,SampleData_3,SampleData_3,SampleData_3,SampleData_3,SampleData_3,SampleData_3,SampleData_3,SampleData_3,SampleData_3
SampleData_4,SampleData_4,SampleData_4,SampleData_4,SampleData_4,SampleData_4,SampleData_4,SampleData_4,SampleData_4,SampleData_4,SampleData_4,SampleData_4,SampleData_4,SampleData_4,SampleData_4,SampleData_4,SampleData_4,SampleData_4,SampleData_4,SampleData_4,SampleData_4,SampleData_4,SampleData_4,SampleData_4,SampleData_4,SampleData_4,SampleData_4,SampleData_4,SampleData_4,SampleData_4,SampleData_4,SampleData_4,SampleData_4,SampleData_4,SampleData_4,SampleData_4,SampleData_4,SampleData_4,SampleData_4,SampleData_4,SampleData_4,SampleData_4,SampleData_4,SampleData_4,SampleData_4,SampleData_4,SampleData_4,SampleData_4,SampleData_4,SampleData_4,SampleData_4,SampleData_4,SampleData_4,SampleData_4,SampleData_4,SampleData_4,SampleData_4,SampleData_4
SampleData_5,SampleData_5,SampleData_5,SampleData_5,SampleData_5,SampleData_5,SampleData_5,SampleData_5,SampleData_5,SampleData_5,SampleData_5,SampleData_5,SampleData_5,SampleData_5,SampleData_5,SampleData_5,SampleData_5,SampleData_5,SampleData_5,SampleData_5,SampleData_5,SampleData_5,SampleData_5,SampleData_5,SampleData_5,SampleData_5,SampleData_5,SampleData_5,SampleData_5,SampleData_5,SampleData_5,SampleData_5,SampleData_5,SampleData_5,SampleData_5,SampleData_5,SampleData_5,SampleData_5,SampleData_5,SampleData_5,SampleData_5,SampleData_5,SampleData_5,SampleData_5,SampleData_5,SampleData_5,SampleData_5,SampleData_5,SampleData_5,SampleData_5,SampleData_5,SampleData_5,SampleData_5,SampleData_5,SampleData_5,SampleData_5,SampleData_5,SampleData_5
SampleData_6,SampleData_6,SampleData_6,SampleData_6,SampleData_6,SampleData_6,SampleData_6,SampleData_6,SampleData_6,SampleData_6,SampleData_6,SampleData_6,SampleData_6,SampleData_6,SampleData_6,SampleData_6,SampleData_6,SampleData_6,SampleData_6,SampleData_6,SampleData_6,SampleData_6,SampleData_6,SampleData_6,SampleData_6,SampleData_6,SampleData_6,SampleData_6,SampleData_6,SampleData_6,SampleData_6,SampleData_6,SampleData_6,SampleData_6,SampleData_6,SampleData_6,SampleData_6,SampleData_6,SampleData_6,SampleData_6,SampleData_6,SampleData_6,SampleData_6,SampleData_6,SampleData_6,SampleData_6,SampleData_6,SampleData_6,SampleData_6,SampleData_6,SampleData_6,SampleData_6,SampleData_6,SampleData_6,SampleData_6,SampleData_6,SampleData_6,SampleData_6
SampleData_7,SampleData_7,SampleData_7,SampleData_7,SampleData_7,SampleData_7,SampleData_7,SampleData_7,SampleData_7,SampleData_7,SampleData_7,SampleData_7,SampleData_7,SampleData_7,SampleData_7,SampleData_7,SampleData_7,SampleData_7,SampleData_7,SampleData_7,SampleData_7,SampleData_7,SampleData_7,SampleData_7,SampleData_7,SampleData_7,SampleData_7,SampleData_7,SampleData_7,SampleData_7,SampleData_7,SampleData_7,SampleData_7,SampleData_7,SampleData_7,SampleData_7,SampleData_7,SampleData_7,SampleData_7,SampleData_7,SampleData_7,SampleData_7,SampleData_7,SampleData_7,SampleData_7,SampleData_7,SampleData_7,SampleData_7,SampleData_7,SampleData_7,SampleData_7,SampleData_7,SampleData_7,SampleData_7,SampleData_7,SampleData_7,SampleData_7,SampleData_7
SampleData_8,SampleData_8,SampleData_8,SampleData_8,SampleData_8,SampleData_8,SampleData_8,SampleData_8,SampleData_8,SampleData_8,SampleData_8,SampleData_8,SampleData_8,SampleData_8,SampleData_8,SampleData_8,SampleData_8,SampleData_8,SampleData_8,SampleData_8,SampleData_8,SampleData_8,SampleData_8,SampleData_8,SampleData_8,SampleData_8,SampleData_8,SampleData_8,SampleData_8,SampleData_8,SampleData_8,SampleData_8,SampleData_8,SampleData_8,SampleData_8,SampleData_8,SampleData_8,SampleData_8,SampleData_8,SampleData_8,SampleData_8,SampleData_8,SampleData_8,SampleData_8,SampleData_8,SampleData_8,SampleData_8,SampleData_8,SampleData_8,SampleData_8,SampleData_8,SampleData_8,SampleData_8,SampleData_8,SampleData_8,SampleData_8,SampleData_8,SampleData_8
SampleData_9,SampleData_9,SampleData_9,SampleData_9,SampleData_9,SampleData_9,SampleData_9,SampleData_9,SampleData_9,SampleData_9,SampleData_9,SampleData_9,SampleData_9,SampleData_9,SampleData_9,SampleData_9,SampleData_9,SampleData_9,SampleData_9,SampleData_9,SampleData_9,SampleData_9,SampleData_9,SampleData_9,SampleData_9,SampleData_9,SampleData_9,SampleData_9,SampleData_9,SampleData_9,SampleData_9,SampleData_9,SampleData_9,SampleData_9,SampleData_9,SampleData_9,SampleData_9,SampleData_9,SampleData_9,SampleData_9,SampleData_9,SampleData_9,SampleData_9,SampleData_9,SampleData_9,SampleData_9,SampleData_9,SampleData_9,SampleData_9,SampleData_9,SampleData_9,SampleData_9,SampleData_9,SampleData_9,SampleData_9,SampleData_9,SampleData_9,SampleData_9
SampleData_10,SampleData_10,SampleData_10,SampleData_10,SampleData_10,SampleData_10,SampleData_10,SampleData_10,SampleData_10,SampleData_10,SampleData_10,SampleData_10,SampleData_10,SampleData_10,SampleData_10,SampleData_10,SampleData_10,SampleData_10,SampleData_10,SampleData_10,SampleData_10,SampleData_10,SampleData_10,SampleData_10,SampleData_10,SampleData_10,SampleData_10,SampleData_10,SampleData_10,SampleData_10,SampleData_10,SampleData_10,SampleData_10,SampleData_10,SampleData_10,SampleData_10,SampleData_10,SampleData_10,SampleData_10,SampleData_10,SampleData_10,SampleData_10,SampleData_10,SampleData_10,SampleData_10,SampleData_10,SampleData_10,SampleData_10,SampleData_10,SampleData_10,SampleData_10,SampleData_10,SampleData_10,SampleData_10,SampleData_10,SampleData_10,SampleData_10,SampleData_10
SampleData_11,SampleData_11,SampleData_11,SampleData_11,SampleData_11,SampleData_11,SampleData_11,SampleData_11,SampleData_11,SampleData_11,SampleData_11,SampleData_11,SampleData_11,SampleData_11,SampleData_11,SampleData_11,SampleData_11,SampleData_11,SampleData_11,SampleData_11,SampleData_11,SampleData_11,SampleData_11,SampleData_11,SampleData_11,SampleData_11,SampleData_11,SampleData_11,SampleData_11,SampleData_11,SampleData_11,SampleData_11,SampleData_11,SampleData_11,SampleData_11,SampleData_11,SampleData_11,SampleData_11,SampleData_11,SampleData_11,SampleData_11,SampleData_11,SampleData_11,SampleData_11,SampleData_11,SampleData_11,SampleData_11,SampleData_11,SampleData_11,SampleData_11,SampleData_11,SampleData_11,SampleData_11,SampleData_11,SampleData_11,SampleData_11,SampleData_11,SampleData_11
SampleData_12,SampleData_12,SampleData_12,SampleData_12,SampleData_12,SampleData_12,SampleData_12,SampleData_12,SampleData_12,SampleData_12,SampleData_12,SampleData_12,SampleData_12,SampleData_12,SampleData_12,SampleData_12,SampleData_12,SampleData_12,SampleData_12,SampleData_12,SampleData_12,SampleData_12,SampleData_12,SampleData_12,SampleData_12,SampleData_12,SampleData_12,SampleData_12,SampleData_12,SampleData_12,SampleData_12,SampleData_12,SampleData_12,SampleData_12,SampleData_12,SampleData_12,SampleData_12,SampleData_12,SampleData_12,SampleData_12,SampleData_12,SampleData_12,SampleData_12,SampleData_12,SampleData_12,SampleData_12,SampleData_12,SampleData_12,SampleData_12,SampleData_12,SampleData_12,SampleData_12,SampleData_12,SampleData_12,SampleData_12,SampleData_12,SampleData_12,SampleData_12
SampleData_13,SampleData_13,SampleData_13,SampleData_13,SampleData_13,SampleData_13,SampleData_13,SampleData_13,SampleData_13,SampleData_13,SampleData_13,SampleData_13,SampleData_13,SampleData_13,SampleData_13,SampleData_13,SampleData_13,SampleData_13,SampleData_13,SampleData_13,SampleData_13,SampleData_13,SampleData_13,SampleData_13,SampleData_13,SampleData_13,SampleData_13,SampleData_13,SampleData_13,SampleData_13,SampleData_13,SampleData_13,SampleData_13,SampleData_13,SampleData_13,SampleData_13,SampleData_13,SampleData_13,SampleData_13,SampleData_13,SampleData_13,SampleData_13,SampleData_13,SampleData_13,SampleData_13,SampleData_13,SampleData_13,SampleData_13,SampleData_13,SampleData_13,SampleData_13,SampleData_13,SampleData_13,SampleData_13,SampleData_13,SampleData_13,SampleData_13,SampleData_13
SampleData_14,SampleData_14,SampleData_14,SampleData_14,SampleData_14,SampleData_14,SampleData_14,SampleData_14,SampleData_14,SampleData_14,SampleData_14,SampleData_14,SampleData_14,SampleData_14,SampleData_14,SampleData_14,SampleData_14,SampleData_14,SampleData_14,SampleData_14,SampleData_14,SampleData_14,SampleData_14,SampleData_14,SampleData_14,SampleData_14,SampleData_14,SampleData_14,SampleData_14,SampleData_14,SampleData_14,SampleData_14,SampleData_14,SampleData_14,SampleData_14,SampleData_14,SampleData_14,SampleData_14,SampleData_14,SampleData_14,SampleData_14,SampleData_14,SampleData_14,SampleData_14,SampleData_14,SampleData_14,SampleData_14,SampleData_14,SampleData_14,SampleData_14,SampleData_14,SampleData_14,SampleData_14,SampleData_14,SampleData_14,SampleData_14,SampleData_14,SampleData_14
SampleData_15,SampleData_15,SampleData_15,SampleData_15,SampleData_15,SampleData_15,SampleData_15,SampleData_15,SampleData_15,SampleData_15,SampleData_15,SampleData_15,SampleData_15,SampleData_15,SampleData_15,SampleData_15,SampleData_15,SampleData_15,SampleData_15,SampleData_15,SampleData_15,SampleData_15,SampleData_15,SampleData_15,SampleData_15,SampleData_15,SampleData_15,SampleData_15,SampleData_15,SampleData_15,SampleData_15,SampleData_15,SampleData_15,SampleData_15,SampleData_15,SampleData_15,SampleData_15,SampleData_15,SampleData_15,SampleData_15,SampleData_15,SampleData_15,SampleData_15,SampleData_15,SampleData_15,SampleData_15,SampleData_15,SampleData_15,SampleData_15,SampleData_15,SampleData_15,SampleData_15,SampleData_15,SampleData_15,SampleData_15,SampleData_15,SampleData_15,SampleData_15
SampleData_16,SampleData_16,SampleData_16,SampleData_16,SampleData_16,SampleData_16,SampleData_16,SampleData_16,SampleData_16,SampleData_16,SampleData_16,SampleData_16,SampleData_16,SampleData_16,SampleData_16,SampleData_16,SampleData_16,SampleData_16,SampleData_16,SampleData_16,SampleData_16,SampleData_16,SampleData_16,SampleData_16,SampleData_16,SampleData_16,SampleData_16,SampleData_16,SampleData_16,SampleData_16,SampleData_16,SampleData_16,SampleData_16,SampleData_16,SampleData_16,SampleData_16,SampleData_16,SampleData_16,SampleData_16,SampleData_16,SampleData_16,SampleData_16,SampleData_16,SampleData_16,SampleData_16,SampleData_16,SampleData_16,SampleData_16,SampleData_16,SampleData_16,SampleData_16,SampleData_16,SampleData_16,SampleData_16,SampleData_16,SampleData_16,SampleData_16,SampleData_16
SampleData_17,SampleData_17,SampleData_17,SampleData_17,SampleData_17,SampleData_17,SampleData_17,SampleData_17,SampleData_17,SampleData_17,SampleData_17,SampleData_17,SampleData_17,SampleData_17,SampleData_17,SampleData_17,SampleData_17,SampleData_17,SampleData_17,SampleData_17,SampleData_17,SampleData_17,SampleData_17,SampleData_17,SampleData_17,SampleData_17,SampleData_17,SampleData_17,SampleData_17,SampleData_17,SampleData_17,SampleData_17,SampleData_17,SampleData_17,SampleData_17,SampleData_17,SampleData_17,SampleData_17,SampleData_17,SampleData_17,SampleData_17,SampleData_17,SampleData_17,SampleData_17,SampleData_17,SampleData_17,SampleData_17,SampleData_17,SampleData_17,SampleData_17,SampleData_17,SampleData_17,SampleData_17,SampleData_17,SampleData_17,SampleData_17,SampleData_17,SampleData_17
SampleData_18,SampleData_18,SampleData_18,SampleData_18,SampleData_18,SampleData_18,SampleData_18,SampleData_18,SampleData_18,SampleData_18,SampleData_18,SampleData_18,SampleData_18,SampleData_18,SampleData_18,SampleData_18,SampleData_18,SampleData_18,SampleData_18,SampleData_18,SampleData_18,SampleData_18,SampleData_18,SampleData_18,SampleData_18,SampleData_18,SampleData_18,SampleData_18,SampleData_18,SampleData_18,SampleData_18,SampleData_18,SampleData_18,SampleData_18,SampleData_18,SampleData_18,SampleData_18,SampleData_18,SampleData_18,SampleData_18,SampleData_18,SampleData_18,SampleData_18,SampleData_18,SampleData_18,SampleData_18,SampleData_18,SampleData_18,SampleData_18,SampleData_18,SampleData_18,SampleData_18,SampleData_18,SampleData_18,SampleData_18,SampleData_18,SampleData_18,SampleData_18
SampleData_19,SampleData_19,SampleData_19,SampleData_19,SampleData_19,SampleData_19,SampleData_19,SampleData_19,SampleData_19,SampleData_19,SampleData_19,SampleData_19,SampleData_19,SampleData_19,SampleData_19,SampleData_19,SampleData_19,SampleData_19,SampleData_19,SampleData_19,SampleData_19,SampleData_19,SampleData_19,SampleData_19,SampleData_19,SampleData_19,SampleData_19,SampleData_19,SampleData_19,SampleData_19,SampleData_19,SampleData_19,SampleData_19,SampleData_19,SampleData_19,SampleData_19,SampleData_19,SampleData_19,SampleData_19,SampleData_19,SampleData_19,SampleData_19,SampleData_19,SampleData_19,SampleData_19,SampleData_19,SampleData_19,SampleData_19,SampleData_19,SampleData_19,SampleData_19,SampleData_19,SampleData_19,SampleData_19,SampleData_19,SampleData_19,SampleData_19,SampleData_19
SampleData_20,SampleData_20,SampleData_20,SampleData_20,SampleData_20,SampleData_20,SampleData_20,SampleData_20,SampleData_20,SampleData_20,SampleData_20,SampleData_20,SampleData_20,SampleData_20,SampleData_20,SampleData_20,SampleData_20,SampleData_20,SampleData_20,SampleData_20,SampleData_20,SampleData_20,SampleData_20,SampleData_20,SampleData_20,SampleData_20,SampleData_20,SampleData_20,SampleData_20,SampleData_20,SampleData_20,SampleData_20,SampleData_20,SampleData_20,SampleData_20,SampleData_20,SampleData_20,SampleData_20,SampleData_20,SampleData_20,SampleData_20,SampleData_20,SampleData_20,SampleData_20,SampleData_20,SampleData_20,SampleData_20,SampleData_20,SampleData_20,SampleData_20,SampleData_20,SampleData_20,SampleData_20,SampleData_20,SampleData_20,SampleData_20,SampleData_20,SampleData_20
SampleData_21,SampleData_21,SampleData_21,SampleData_21,SampleData_21,SampleData_21,SampleData_21,SampleData_21,SampleData_21,SampleData_21,SampleData_21,SampleData_21,SampleData_21,SampleData_21,SampleData_21,SampleData_21,SampleData_21,SampleData_21,SampleData_21,SampleData_21,SampleData_21,SampleData_21,SampleData_21,SampleData_21,SampleData_21,SampleData_21,SampleData_21,SampleData_21,SampleData_21,SampleData_21,SampleData_21,SampleData_21,SampleData_21,SampleData_21,SampleData_21,SampleData_21,SampleData_21,SampleData_21,SampleData_21,SampleData_21,SampleData_21,SampleData_21,SampleData_21,SampleData_21,SampleData_21,SampleData_21,SampleData_21,SampleData_21,SampleData_21,SampleData_21,SampleData_21,SampleData_21,SampleData_21,SampleData_21,SampleData_21,SampleData_21,SampleData_21,SampleData_21
SampleData_22,SampleData_22,SampleData_22,SampleData_22,SampleData_22,SampleData_22,SampleData_22,SampleData_22,SampleData_22,SampleData_22,SampleData_22,SampleData_22,SampleData_22,SampleData_22,SampleData_22,SampleData_22,SampleData_22,SampleData_22,SampleData_22,SampleData_22,SampleData_22,SampleData_22,SampleData_22,SampleData_22,SampleData_22,SampleData_22,SampleData_22,SampleData_22,SampleData_22,SampleData_22,SampleData_22,SampleData_22,SampleData_22,SampleData_22,SampleData_22,SampleData_22,SampleData_22,SampleData_22,SampleData_22,SampleData_22,SampleData_22,SampleData_22,SampleData_22,SampleData_22,SampleData_22,SampleData_22,SampleData_22,SampleData_22,SampleData_22,SampleData_22,SampleData_22,SampleData_22,SampleData_22,SampleData_22,SampleData_22,SampleData_22,SampleData_22,SampleData_22
SampleData_23,SampleData_23,SampleData_23,SampleData_23,SampleData_23,SampleData_23,SampleData_23,SampleData_23,SampleData_23,SampleData_23,SampleData_23,SampleData_23,SampleData_23,SampleData_23,SampleData_23,SampleData_23,SampleData_23,SampleData_23,SampleData_23,SampleData_23,SampleData_23,SampleData_23,SampleData_23,SampleData_23,SampleData_23,SampleData_23,SampleData_23,SampleData_23,SampleData_23,SampleData_23,SampleData_23,SampleData_23,SampleData_23,SampleData_23,SampleData_23,SampleData_23,SampleData_23,SampleData_23,SampleData_23,SampleData_23,SampleData_23,SampleData_23,SampleData_23,SampleData_23,SampleData_23,SampleData_23,SampleData_23,SampleData_23,SampleData_23,SampleData_23,SampleData_23,SampleData_23,SampleData_23,SampleData_23,SampleData_23,SampleData_23,SampleData_23,SampleData_23
SampleData_24,SampleData_24,SampleData_24,SampleData_24,SampleData_24,SampleData_24,SampleData_24,SampleData_24,SampleData_24,SampleData_24,SampleData_24,SampleData_24,SampleData_24,SampleData_24,SampleData_24,SampleData_24,SampleData_24,SampleData_24,SampleData_24,SampleData_24,SampleData_24,SampleData_24,SampleData_24,SampleData_24,SampleData_24,SampleData_24,SampleData_24,SampleData_24,SampleData_24,SampleData_24,SampleData_24,SampleData_24,SampleData_24,SampleData_24,SampleData_24,SampleData_24,SampleData_24,SampleData_24,SampleData_24,SampleData_24,SampleData_24,SampleData_24,SampleData_24,SampleData_24,SampleData_24,SampleData_24,SampleData_24,SampleData_24,SampleData_24,SampleData_24,SampleData_24,SampleData_24,SampleData_24,SampleData_24,SampleData_24,SampleData_24,SampleData_24,SampleData_24
SampleData_25,SampleData_25,SampleData_25,SampleData_25,SampleData_25,SampleData_25,SampleData_25,SampleData_25,SampleData_25,SampleData_25,SampleData_25,SampleData_25,SampleData_25,SampleData_25,SampleData_25,SampleData_25,SampleData_25,SampleData_25,SampleData_25,SampleData_25,SampleData_25,SampleData_25,SampleData_25,SampleData_25,SampleData_25,SampleData_25,SampleData_25,SampleData_25,SampleData_25,SampleData_25,SampleData_25,SampleData_25,SampleData_25,SampleData_25,SampleData_25,SampleData_25,SampleData_25,SampleData_25,SampleData_25,SampleData_25,SampleData_25,SampleData_25,SampleData_25,SampleData_25,SampleData_25,SampleData_25,SampleData_25,SampleData_25,SampleData_25,SampleData_25,SampleData_25,SampleData_25,SampleData_25,SampleData_25,SampleData_25,SampleData_25,SampleData_25,SampleData_25
SampleData_26,SampleData_26,SampleData_26,SampleData_26,SampleData_26,SampleData_26,SampleData_26,SampleData_26,SampleData_26,SampleData_26,SampleData_26,SampleData_26,SampleData_26,SampleData_26,SampleData_26,SampleData_26,SampleData_26,SampleData_26,SampleData_26,SampleData_26,SampleData_26,SampleData_26,SampleData_26,SampleData_26,SampleData_26,SampleData_26,SampleData_26,SampleData_26,SampleData_26,SampleData_26,SampleData_26,SampleData_26,SampleData_26,SampleData_26,SampleData_26,SampleData_26,SampleData_26,SampleData_26,SampleData_26,SampleData_26,SampleData_26,SampleData_26,SampleData_26,SampleData_26,SampleData_26,SampleData_26,SampleData_26,SampleData_26,SampleData_26,SampleData_26,SampleData_26,SampleData_26,SampleData_26,SampleData_26,SampleData_26,SampleData_26,SampleData_26,SampleData_26
SampleData_27,SampleData_27,SampleData_27,SampleData_27,SampleData_27,SampleData_27,SampleData_27,SampleData_27,SampleData_27,SampleData_27,SampleData_27,SampleData_27,SampleData_27,SampleData_27,SampleData_27,SampleData_27,SampleData_27,SampleData_27,SampleData_27,SampleData_27,SampleData_27,SampleData_27,SampleData_27,SampleData_27,SampleData_27,SampleData_27,SampleData_27,SampleData_27,SampleData_27,SampleData_27,SampleData_27,SampleData_27,SampleData_27,SampleData_27,SampleData_27,SampleData_27,SampleData_27,SampleData_27,SampleData_27,SampleData_27,SampleData_27,SampleData_27,SampleData_27,SampleData_27,SampleData_27,SampleData_27,SampleData_27,SampleData_27,SampleData_27,SampleData_27,SampleData_27,SampleData_27,SampleData_27,SampleData_27,SampleData_27,SampleData_27,SampleData_27,SampleData_27
SampleData_28,SampleData_28,SampleData_28,SampleData_28,SampleData_28,SampleData_28,SampleData_28,SampleData_28,SampleData_28,SampleData_28,SampleData_28,SampleData_28,SampleData_28,SampleData_28,SampleData_28,SampleData_28,SampleData_28,SampleData_28,SampleData_28,SampleData_28,SampleData_28,SampleData_28,SampleData_28,SampleData_28,SampleData_28,SampleData_28,SampleData_28,SampleData_28,SampleData_28,SampleData_28,SampleData_28,SampleData_28,SampleData_28,SampleData_28,SampleData_28,SampleData_28,SampleData_28,SampleData_28,SampleData_28,SampleData_28,SampleData_28,SampleData_28,SampleData_28,SampleData_28,SampleData_28,SampleData_28,SampleData_28,SampleData_28,SampleData_28,SampleData_28,SampleData_28,SampleData_28,SampleData_28,SampleData_28,SampleData_28,SampleData_28,SampleData_28,SampleData_28
SampleData_29,SampleData_29,SampleData_29,SampleData_29,SampleData_29,SampleData_29,SampleData_29,SampleData_29,SampleData_29,SampleData_29,SampleData_29,SampleData_29,SampleData_29,SampleData_29,SampleData_29,SampleData_29,SampleData_29,SampleData_29,SampleData_29,SampleData_29,SampleData_29,SampleData_29,SampleData_29,SampleData_29,SampleData_29,SampleData_29,SampleData_29,SampleData_29,SampleData_29,SampleData_29,SampleData_29,SampleData_29,SampleData_29,SampleData_29,SampleData_29,SampleData_29,SampleData_29,SampleData_29,SampleData_29,SampleData_29,SampleData_29,SampleData_29,SampleData_29,SampleData_29,SampleData_29,SampleData_29,SampleData_29,SampleData_29,SampleData_29,SampleData_29,SampleData_29,SampleData_29,SampleData_29,SampleData_29,SampleData_29,SampleData_29,SampleData_29,SampleData_29
SampleData_30,SampleData_30,SampleData_30,SampleData_30,SampleData_30,SampleData_30,SampleData_30,SampleData_30,SampleData_30,SampleData_30,SampleData_30,SampleData_30,SampleData_30,SampleData_30,SampleData_30,SampleData_30,SampleData_30,SampleData_30,SampleData_30,SampleData_30,SampleData_30,SampleData_30,SampleData_30,SampleData_30,SampleData_30,SampleData_30,SampleData_30,SampleData_30,SampleData_30,SampleData_30,SampleData_30,SampleData_30,SampleData_30,SampleData_30,SampleData_30,SampleData_30,SampleData_30,SampleData_30,SampleData_30,SampleData_30,SampleData_30,SampleData_30,SampleData_30,SampleData_30,SampleData_30,SampleData_30,SampleData_30,SampleData_30,SampleData_30,SampleData_30,SampleData_30,SampleData_30,SampleData_30,SampleData_30,SampleData_30,SampleData_30,SampleData_30,SampleData_30
SampleData_31,SampleData_31,SampleData_31,SampleData_31,SampleData_31,SampleData_31,SampleData_31,SampleData_31,SampleData_31,SampleData_31,SampleData_31,SampleData_31,SampleData_31,SampleData_31,SampleData_31,SampleData_31,SampleData_31,SampleData_31,SampleData_31,SampleData_31,SampleData_31,SampleData_31,SampleData_31,SampleData_31,SampleData_31,SampleData_31,SampleData_31,SampleData_31,SampleData_31,SampleData_31,SampleData_31,SampleData_31,SampleData_31,SampleData_31,SampleData_31,SampleData_31,SampleData_31,SampleData_31,SampleData_31,SampleData_31,SampleData_31,SampleData_31,SampleData_31,SampleData_31,SampleData_31,SampleData_31,SampleData_31,SampleData_31,SampleData_31,SampleData_31,SampleData_31,SampleData_31,SampleData_31,SampleData_31,SampleData_31,SampleData_31,SampleData_31,SampleData_31
SampleData_32,SampleData_32,SampleData_32,SampleData_32,SampleData_32,SampleData_32,SampleData_32,SampleData_32,SampleData_32,SampleData_32,SampleData_32,SampleData_32,SampleData_32,SampleData_32,SampleData_32,SampleData_32,SampleData_32,SampleData_32,SampleData_32,SampleData_32,SampleData_32,SampleData_32,SampleData_32,SampleData_32,SampleData_32,SampleData_32,SampleData_32,SampleData_32,SampleData_32,SampleData_32,SampleData_32,SampleData_32,SampleData_32,SampleData_32,SampleData_32,SampleData_32,SampleData_32,SampleData_32,SampleData_32,SampleData_32,SampleData_32,SampleData_32,SampleData_32,SampleData_32,SampleData_32,SampleData_32,SampleData_32,SampleData_32,SampleData_32,SampleData_32,SampleData_32,SampleData_32,SampleData_32,SampleData_32,SampleData_32,SampleData_32,SampleData_32,SampleData_32
SampleData_33,SampleData_33,SampleData_33,SampleData_33,SampleData_33,SampleData_33,SampleData_33,SampleData_33,SampleData_33,SampleData_33,SampleData_33,SampleData_33,SampleData_33,SampleData_33,SampleData_33,SampleData_33,SampleData_33,SampleData_33,SampleData_33,SampleData_33,SampleData_33,SampleData_33,SampleData_33,SampleData_33,SampleData_33,SampleData_33,SampleData_33,SampleData_33,SampleData_33,SampleData_33,SampleData_33,SampleData_33,SampleData_33,SampleData_33,SampleData_33,SampleData_33,SampleData_33,SampleData_33,SampleData_33,SampleData_33,SampleData_33,SampleData_33,SampleData_33,SampleData_33,SampleData_33,SampleData_33,SampleData_33,SampleData_33,SampleData_33,SampleData_33,SampleData_33,SampleData_33,SampleData_33,SampleData_33,SampleData_33,SampleData_33,SampleData_33,SampleData_33
SampleData_34,SampleData_34,SampleData_34,SampleData_34,SampleData_34,SampleData_34,SampleData_34,SampleData_34,SampleData_34,SampleData_34,SampleData_34,SampleData_34,SampleData_34,SampleData_34,SampleData_34,SampleData_34,SampleData_34,SampleData_34,SampleData_34,SampleData_34,SampleData_34,SampleData_34,SampleData_34,SampleData_34,SampleData_34,SampleData_34,SampleData_34,SampleData_34,SampleData_34,SampleData_34,SampleData_34,SampleData_34,SampleData_34,SampleData_34,SampleData_34,SampleData_34,SampleData_34,SampleData_34,SampleData_34,SampleData_34,SampleData_34,SampleData_34,SampleData_34,SampleData_34,SampleData_34,SampleData_34,SampleData_34,SampleData_34,SampleData_34,SampleData_34,SampleData_34,SampleData_34,SampleData_34,SampleData_34,SampleData_34,SampleData_34,SampleData_34,SampleData_34
SampleData_35,SampleData_35,SampleData_35,SampleData_35,SampleData_35,SampleData_35,SampleData_35,SampleData_35,SampleData_35,SampleData_35,SampleData_35,SampleData_35,SampleData_35,SampleData_35,SampleData_35,SampleData_35,SampleData_35,SampleData_35,SampleData_35,SampleData_35,SampleData_35,SampleData_35,SampleData_35,SampleData_35,SampleData_35,SampleData_35,SampleData_35,SampleData_35,SampleData_35,SampleData_35,SampleData_35,SampleData_35,SampleData_35,SampleData_35,SampleData_35,SampleData_35,SampleData_35,SampleData_35,SampleData_35,SampleData_35,SampleData_35,SampleData_35,SampleData_35,SampleData_35,SampleData_35,SampleData_35,SampleData_35,SampleData_35,SampleData_35,SampleData_35,SampleData_35,SampleData_35,SampleData_35,SampleData_35,SampleData_35,SampleData_35,SampleData_35,SampleData_35
SampleData_36,SampleData_36,SampleData_36,SampleData_36,SampleData_36,SampleData_36,SampleData_36,SampleData_36,SampleData_36,SampleData_36,SampleData_36,SampleData_36,SampleData_36,SampleData_36,SampleData_36,SampleData_36,SampleData_36,SampleData_36,SampleData_36,SampleData_36,SampleData_36,SampleData_36,SampleData_36,SampleData_36,SampleData_36,SampleData_36,SampleData_36,SampleData_36,SampleData_36,SampleData_36,SampleData_36,SampleData_36,SampleData_36,SampleData_36,SampleData_36,SampleData_36,SampleData_36,SampleData_36,SampleData_36,SampleData_36,SampleData_36,SampleData_36,SampleData_36,SampleData_36,SampleData_36,SampleData_36,SampleData_36,SampleData_36,SampleData_36,SampleData_36,SampleData_36,SampleData_36,SampleData_36,SampleData_36,SampleData_36,SampleData_36,SampleData_36,SampleData_36
SampleData_37,SampleData_37,SampleData_37,SampleData_37,SampleData_37,SampleData_37,SampleData_37,SampleData_37,SampleData_37,SampleData_37,SampleData_37,SampleData_37,SampleData_37,SampleData_37,SampleData_37,SampleData_37,SampleData_37,SampleData_37,SampleData_37,SampleData_37,SampleData_37,SampleData_37,SampleData_37,SampleData_37,SampleData_37,SampleData_37,SampleData_37,SampleData_37,SampleData_37,SampleData_37,SampleData_37,SampleData_37,SampleData_37,SampleData_37,SampleData_37,SampleData_37,SampleData_37,SampleData_37,SampleData_37,SampleData_37,SampleData_37,SampleData_37,SampleData_37,SampleData_37,SampleData_37,SampleData_37,SampleData_37,SampleData_37,SampleData_37,SampleData_37,SampleData_37,SampleData_37,SampleData_37,SampleData_37,SampleData_37,SampleData_37,SampleData_37,SampleData_37
SampleData_38,SampleData_38,SampleData_38,SampleData_38,SampleData_38,SampleData_38,SampleData_38,SampleData_38,SampleData_38,SampleData_38,SampleData_38,SampleData_38,SampleData_38,SampleData_38,SampleData_38,SampleData_38,SampleData_38,SampleData_38,SampleData_38,SampleData_38,SampleData_38,SampleData_38,SampleData_38,SampleData_38,SampleData_38,SampleData_38,SampleData_38,SampleData_38,SampleData_38,SampleData_38,SampleData_38,SampleData_38,SampleData_38,SampleData_38,SampleData_38,SampleData_38,SampleData_38,SampleData_38,SampleData_38,SampleData_38,SampleData_38,SampleData_38,SampleData_38,SampleData_38,SampleData_38,SampleData_38,SampleData_38,SampleData_38,SampleData_38,SampleData_38,SampleData_38,SampleData_38,SampleData_38,SampleData_38,SampleData_38,SampleData_38,SampleData_38,SampleData_38
SampleData_39,SampleData_39,SampleData_39,SampleData_39,SampleData_39,SampleData_39,SampleData_39,SampleData_39,SampleData_39,SampleData_39,SampleData_39,SampleData_39,SampleData_39,SampleData_39,SampleData_39,SampleData_39,SampleData_39,SampleData_39,SampleData_39,SampleData_39,SampleData_39,SampleData_39,SampleData_39,SampleData_39,SampleData_39,SampleData_39,SampleData_39,SampleData_39,SampleData_39,SampleData_39,SampleData_39,SampleData_39,SampleData_39,SampleData_39,SampleData_39,SampleData_39,SampleData_39,SampleData_39,SampleData_39,SampleData_39,SampleData_39,SampleData_39,SampleData_39,SampleData_39,SampleData_39,SampleData_39,SampleData_39,SampleData_39,SampleData_39,SampleData_39,SampleData_39,SampleData_39,SampleData_39,SampleData_39,SampleData_39,SampleData_39,SampleData_39,SampleData_39
SampleData_40,SampleData_40,SampleData_40,SampleData_40,SampleData_40,SampleData_40,SampleData_40,SampleData_40,SampleData_40,SampleData_40,SampleData_40,SampleData_40,SampleData_40,SampleData_40,SampleData_40,SampleData_40,SampleData_40,SampleData_40,SampleData_40,SampleData_40,SampleData_40,SampleData_40,SampleData_40,SampleData_40,SampleData_40,SampleData_40,SampleData_40,SampleData_40,SampleData_40,SampleData_40,SampleData_40,SampleData_40,SampleData_40,SampleData_40,SampleData_40,SampleData_40,SampleData_40,SampleData_40,SampleData_40,SampleData_40,SampleData_40,SampleData_40,SampleData_40,SampleData_40,SampleData_40,SampleData_40,SampleData_40,SampleData_40,SampleData_40,SampleData_40,SampleData_40,SampleData_40,SampleData_40,SampleData_40,SampleData_40,SampleData_40,SampleData_40,SampleData_40
SampleData_41,SampleData_41,SampleData_41,SampleData_41,SampleData_41,SampleData_41,SampleData_41,SampleData_41,SampleData_41,SampleData_41,SampleData_41,SampleData_41,SampleData_41,SampleData_41,SampleData_41,SampleData_41,SampleData_41,SampleData_41,SampleData_41,SampleData_41,SampleData_41,SampleData_41,SampleData_41,SampleData_41,SampleData_41,SampleData_41,SampleData_41,SampleData_41,SampleData_41,SampleData_41,SampleData_41,SampleData_41,SampleData_41,SampleData_41,SampleData_41,SampleData_41,SampleData_41,SampleData_41,SampleData_41,SampleData_41,SampleData_41,SampleData_41,SampleData_41,SampleData_41,SampleData_41,SampleData_41,SampleData_41,SampleData_41,SampleData_41,SampleData_41,SampleData_41,SampleData_41,SampleData_41,SampleData_41,SampleData_41,SampleData_41,SampleData_41,SampleData_41
SampleData_42,SampleData_42,SampleData_42,SampleData_42,SampleData_42,SampleData_42,SampleData_42,SampleData_42,SampleData_42,SampleData_42,SampleData_42,SampleData_42,SampleData_42,SampleData_42,SampleData_42,SampleData_42,SampleData_42,SampleData_42,SampleData_42,SampleData_42,SampleData_42,SampleData_42,SampleData_42,SampleData_42,SampleData_42,SampleData_42,SampleData_42,SampleData_42,SampleData_42,SampleData_42,SampleData_42,SampleData_42,SampleData_42,SampleData_42,SampleData_42,SampleData_42,SampleData_42,SampleData_42,SampleData_42,SampleData_42,SampleData_42,SampleData_42,SampleData_42,SampleData_42,SampleData_42,SampleData_42,SampleData_42,SampleData_42,SampleData_42,SampleData_42,SampleData_42,SampleData_42,SampleData_42,SampleData_42,SampleData_42,SampleData_42,SampleData_42,SampleData_42
SampleData_43,SampleData_43,SampleData_43,SampleData_43,SampleData_43,SampleData_43,SampleData_43,SampleData_43,SampleData_43,SampleData_43,SampleData_43,SampleData_43,SampleData_43,SampleData_43,SampleData_43,SampleData_43,SampleData_43,SampleData_43,SampleData_43,SampleData_43,SampleData_43,SampleData_43,SampleData_43,SampleData_43,SampleData_43,SampleData_43,SampleData_43,SampleData_43,SampleData_43,SampleData_43,SampleData_43,SampleData_43,SampleData_43,SampleData_43,SampleData_43,SampleData_43,SampleData_43,SampleData_43,SampleData_43,SampleData_43,SampleData_43,SampleData_43,SampleData_43,SampleData_43,SampleData_43,SampleData_43,SampleData_43,SampleData_43,SampleData_43,SampleData_43,SampleData_43,SampleData_43,SampleData_43,SampleData_43,SampleData_43,SampleData_43,SampleData_43,SampleData_43
SampleData_44,SampleData_44,SampleData_44,SampleData_44,SampleData_44,SampleData_44,SampleData_44,SampleData_44,SampleData_44,SampleData_44,SampleData_44,SampleData_44,SampleData_44,SampleData_44,SampleData_44,SampleData_44,SampleData_44,SampleData_44,SampleData_44,SampleData_44,SampleData_44,SampleData_44,SampleData_44,SampleData_44,SampleData_44,SampleData_44,SampleData_44,SampleData_44,SampleData_44,SampleData_44,SampleData_44,SampleData_44,SampleData_44,SampleData_44,SampleData_44,SampleData_44,SampleData_44,SampleData_44,SampleData_44,SampleData_44,SampleData_44,SampleData_44,SampleData_44,SampleData_44,SampleData_44,SampleData_44,SampleData_44,SampleData_44,SampleData_44,SampleData_44,SampleData_44,SampleData_44,SampleData_44,SampleData_44,SampleData_44,SampleData_44,SampleData_44,SampleData_44
SampleData_45,SampleData_45,SampleData_45,SampleData_45,SampleData_45,SampleData_45,SampleData_45,SampleData_45,SampleData_45,SampleData_45,SampleData_45,SampleData_45,SampleData_45,SampleData_45,SampleData_45,SampleData_45,SampleData_45,SampleData_45,SampleData_45,SampleData_45,SampleData_45,SampleData_45,SampleData_45,SampleData_45,SampleData_45,SampleData_45,SampleData_45,SampleData_45,SampleData_45,SampleData_45,SampleData_45,SampleData_45,SampleData_45,SampleData_45,SampleData_45,SampleData_45,SampleData_45,SampleData_45,SampleData_45,SampleData_45,SampleData_45,SampleData_45,SampleData_45,SampleData_45,SampleData_45,SampleData_45,SampleData_45,SampleData_45,SampleData_45,SampleData_45,SampleData_45,SampleData_45,SampleData_45,SampleData_45,SampleData_45,SampleData_45,SampleData_45,SampleData_45
SampleData_46,SampleData_46,SampleData_46,SampleData_46,SampleData_46,SampleData_46,SampleData_46,SampleData_46,SampleData_46,SampleData_46,SampleData_46,SampleData_46,SampleData_46,SampleData_46,SampleData_46,SampleData_46,SampleData_46,SampleData_46,SampleData_46,SampleData_46,SampleData_46,SampleData_46,SampleData_46,SampleData_46,SampleData_46,SampleData_46,SampleData_46,SampleData_46,SampleData_46,SampleData_46,SampleData_46,SampleData_46,SampleData_46,SampleData_46,SampleData_46,SampleData_46,SampleData_46,SampleData_46,SampleData_46,SampleData_46,SampleData_46,SampleData_46,SampleData_46,SampleData_46,SampleData_46,SampleData_46,SampleData_46,SampleData_46,SampleData_46,SampleData_46,SampleData_46,SampleData_46,SampleData_46,SampleData_46,SampleData_46,SampleData_46,SampleData_46,SampleData_46
SampleData_47,SampleData_47,SampleData_47,SampleData_47,SampleData_47,SampleData_47,SampleData_47,SampleData_47,SampleData_47,SampleData_47,SampleData_47,SampleData_47,SampleData_47,SampleData_47,SampleData_47,SampleData_47,SampleData_47,SampleData_47,SampleData_47,SampleData_47,SampleData_47,SampleData_47,SampleData_47,SampleData_47,SampleData_47,SampleData_47,SampleData_47,SampleData_47,SampleData_47,SampleData_47,SampleData_47,SampleData_47,SampleData_47,SampleData_47,SampleData_47,SampleData_47,SampleData_47,SampleData_47,SampleData_47,SampleData_47,SampleData_47,SampleData_47,SampleData_47,SampleData_47,SampleData_47,SampleData_47,SampleData_47,SampleData_47,SampleData_47,SampleData_47,SampleData_47,SampleData_47,SampleData_47,SampleData_47,SampleData_47,SampleData_47,SampleData_47,SampleData_47
SampleData_48,SampleData_48,SampleData_48,SampleData_48,SampleData_48,SampleData_48,SampleData_48,SampleData_48,SampleData_48,SampleData_48,SampleData_48,SampleData_48,SampleData_48,SampleData_48,SampleData_48,SampleData_48,SampleData_48,SampleData_48,SampleData_48,SampleData_48,SampleData_48,SampleData_48,SampleData_48,SampleData_48,SampleData_48,SampleData_48,SampleData_48,SampleData_48,SampleData_48,SampleData_48,SampleData_48,SampleData_48,SampleData_48,SampleData_48,SampleData_48,SampleData_48,SampleData_48,SampleData_48,SampleData_48,SampleData_48,SampleData_48,SampleData_48,SampleData_48,SampleData_48,SampleData_48,SampleData_48,SampleData_48,SampleData_48,SampleData_48,SampleData_48,SampleData_48,SampleData_48,SampleData_48,SampleData_48,SampleData_48,SampleData_48,SampleData_48,SampleData_48
SampleData_49,SampleData_49,SampleData_49,SampleData_49,SampleData_49,SampleData_49,SampleData_49,SampleData_49,SampleData_49,SampleData_49,SampleData_49,SampleData_49,SampleData_49,SampleData_49,SampleData_49,SampleData_49,SampleData_49,SampleData_49,SampleData_49,SampleData_49,SampleData_49,SampleData_49,SampleData_49,SampleData_49,SampleData_49,SampleData_49,SampleData_49,SampleData_49,SampleData_49,SampleData_49,SampleData_49,SampleData_49,SampleData_49,SampleData_49,SampleData_49,SampleData_49,SampleData_49,SampleData_49,SampleData_49,SampleData_49,SampleData_49,SampleData_49,SampleData_49,SampleData_49,SampleData_49,SampleData_49,SampleData_49,SampleData_49,SampleData_49,SampleData_49,SampleData_49,SampleData_49,SampleData_49,SampleData_49,SampleData_49,SampleData_49,SampleData_49,SampleData_49
SampleData_50,SampleData_50,SampleData_50,SampleData_50,SampleData_50,SampleData_50,SampleData_50,SampleData_50,SampleData_50,SampleData_50,SampleData_50,SampleData_50,SampleData_50,SampleData_50,SampleData_50,SampleData_50,SampleData_50,SampleData_50,SampleData_50,SampleData_50,SampleData_50,SampleData_50,SampleData_50,SampleData_50,SampleData_50,SampleData_50,SampleData_50,SampleData_50,SampleData_50,SampleData_50,SampleData_50,SampleData_50,SampleData_50,SampleData_50,SampleData_50,SampleData_50,SampleData_50,SampleData_50,SampleData_50,SampleData_50,SampleData_50,SampleData_50,SampleData_50,SampleData_50,SampleData_50,SampleData_50,SampleData_50,SampleData_50,SampleData_50,SampleData_50,SampleData_50,SampleData_50,SampleData_50,SampleData_50,SampleData_50,SampleData_50,SampleData_50,SampleData_50
SampleData_51,SampleData_51,SampleData_51,SampleData_51,SampleData_51,SampleData_51,SampleData_51,SampleData_51,SampleData_51,SampleData_51,SampleData_51,SampleData_51,SampleData_51,SampleData_51,SampleData_51,SampleData_51,SampleData_51,SampleData_51,SampleData_51,SampleData_51,SampleData_51,SampleData_51,SampleData_51,SampleData_51,SampleData_51,SampleData_51,SampleData_51,SampleData_51,SampleData_51,SampleData_51,SampleData_51,SampleData_51,SampleData_51,SampleData_51,SampleData_51,SampleData_51,SampleData_51,SampleData_51,SampleData_51,SampleData_51,SampleData_51,SampleData_51,SampleData_51,SampleData_51,SampleData_51,SampleData_51,SampleData_51,SampleData_51,SampleData_51,SampleData_51,SampleData_51,SampleData_51,SampleData_51,SampleData_51,SampleData_51,SampleData_51,SampleData_51,SampleData_51
SampleData_52,SampleData_52,SampleData_52,SampleData_52,SampleData_52,SampleData_52,SampleData_52,SampleData_52,SampleData_52,SampleData_52,SampleData_52,SampleData_52,SampleData_52,SampleData_52,SampleData_52,SampleData_52,SampleData_52,SampleData_52,SampleData_52,SampleData_52,SampleData_52,SampleData_52,SampleData_52,SampleData_52,SampleData_52,SampleData_52,SampleData_52,SampleData_52,SampleData_52,SampleData_52,SampleData_52,SampleData_52,SampleData_52,SampleData_52,SampleData_52,SampleData_52,SampleData_52,SampleData_52,SampleData_52,SampleData_52,SampleData_52,SampleData_52,SampleData_52,SampleData_52,SampleData_52,SampleData_52,SampleData_52,SampleData_52,SampleData_52,SampleData_52,SampleData_52,SampleData_52,SampleData_52,SampleData_52,SampleData_52,SampleData_52,SampleData_52,SampleData_52
SampleData_53,SampleData_53,SampleData_53,SampleData_53,SampleData_53,SampleData_53,SampleData_53,SampleData_53,SampleData_53,SampleData_53,SampleData_53,SampleData_53,SampleData_53,SampleData_53,SampleData_53,SampleData_53,SampleData_53,SampleData_53,SampleData_53,SampleData_53,SampleData_53,SampleData_53,SampleData_53,SampleData_53,SampleData_53,SampleData_53,SampleData_53,SampleData_53,SampleData_53,SampleData_53,SampleData_53,SampleData_53,SampleData_53,SampleData_53,SampleData_53,SampleData_53,SampleData_53,SampleData_53,SampleData_53,SampleData_53,SampleData_53,SampleData_53,SampleData_53,SampleData_53,SampleData_53,SampleData_53,SampleData_53,SampleData_53,SampleData_53,SampleData_53,SampleData_53,SampleData_53,SampleData_53,SampleData_53,SampleData_53,SampleData_53,SampleData_53,SampleData_53
SampleData_54,SampleData_54,SampleData_54,SampleData_54,SampleData_54,SampleData_54,SampleData_54,SampleData_54,SampleData_54,SampleData_54,SampleData_54,SampleData_54,SampleData_54,SampleData_54,SampleData_54,SampleData_54,SampleData_54,SampleData_54,SampleData_54,SampleData_54,SampleData_54,SampleData_54,SampleData_54,SampleData_54,SampleData_54,SampleData_54,SampleData_54,SampleData_54,SampleData_54,SampleData_54,SampleData_54,SampleData_54,SampleData_54,SampleData_54,SampleData_54,SampleData_54,SampleData_54,SampleData_54,SampleData_54,SampleData_54,SampleData_54,SampleData_54,SampleData_54,SampleData_54,SampleData_54,SampleData_54,SampleData_54,SampleData_54,SampleData_54,SampleData_54,SampleData_54,SampleData_54,SampleData_54,SampleData_54,SampleData_54,SampleData_54,SampleData_54,SampleData_54
SampleData_55,SampleData_55,SampleData_55,SampleData_55,SampleData_55,SampleData_55,SampleData_55,SampleData_55,SampleData_55,SampleData_55,SampleData_55,SampleData_55,SampleData_55,SampleData_55,SampleData_55,SampleData_55,SampleData_55,SampleData_55,SampleData_55,SampleData_55,SampleData_55,SampleData_55,SampleData_55,SampleData_55,SampleData_55,SampleData_55,SampleData_55,SampleData_55,SampleData_55,SampleData_55,SampleData_55,SampleData_55,SampleData_55,SampleData_55,SampleData_55,SampleData_55,SampleData_55,SampleData_55,SampleData_55,SampleData_55,SampleData_55,SampleData_55,SampleData_55,SampleData_55,SampleData_55,SampleData_55,SampleData_55,SampleData_55,SampleData_55,SampleData_55,SampleData_55,SampleData_55,SampleData_55,SampleData_55,SampleData_55,SampleData_55,SampleData_55,SampleData_55
SampleData_56,SampleData_56,SampleData_56,SampleData_56,SampleData_56,SampleData_56,SampleData_56,SampleData_56,SampleData_56,SampleData_56,SampleData_56,SampleData_56,SampleData_56,SampleData_56,SampleData_56,SampleData_56,SampleData_56,SampleData_56,SampleData_56,SampleData_56,SampleData_56,SampleData_56,SampleData_56,SampleData_56,SampleData_56,SampleData_56,SampleData_56,SampleData_56,SampleData_56,SampleData_56,SampleData_56,SampleData_56,SampleData_56,SampleData_56,SampleData_56,SampleData_56,SampleData_56,SampleData_56,SampleData_56,SampleData_56,SampleData_56,SampleData_56,SampleData_56,SampleData_56,SampleData_56,SampleData_56,SampleData_56,SampleData_56,SampleData_56,SampleData_56,SampleData_56,SampleData_56,SampleData_56,SampleData_56,SampleData_56,SampleData_56,SampleData_56,SampleData_56
SampleData_57,SampleData_57,SampleData_57,SampleData_57,SampleData_57,SampleData_57,SampleData_57,SampleData_57,SampleData_57,SampleData_57,SampleData_57,SampleData_57,SampleData_57,SampleData_57,SampleData_57,SampleData_57,SampleData_57,SampleData_57,SampleData_57,SampleData_57,SampleData_57,SampleData_57,SampleData_57,SampleData_57,SampleData_57,SampleData_57,SampleData_57,SampleData_57,SampleData_57,SampleData_57,SampleData_57,SampleData_57,SampleData_57,SampleData_57,SampleData_57,SampleData_57,SampleData_57,SampleData_57,SampleData_57,SampleData_57,SampleData_57,SampleData_57,SampleData_57,SampleData_57,SampleData_57,SampleData_57,SampleData_57,SampleData_57,SampleData_57,SampleData_57,SampleData_57,SampleData_57,SampleData_57,SampleData_57,SampleData_57,SampleData_57,SampleData_57,SampleData_57
SampleData_58,SampleData_58,SampleData_58,SampleData_58,SampleData_58,SampleData_58,SampleData_58,SampleData_58,SampleData_58,SampleData_58,SampleData_58,SampleData_58,SampleData_58,SampleData_58,SampleData_58,SampleData_58,SampleData_58,SampleData_58,SampleData_58,SampleData_58,SampleData_58,SampleData_58,SampleData_58,SampleData_58,SampleData_58,SampleData_58,SampleData_58,SampleData_58,SampleData_58,SampleData_58,SampleData_58,SampleData_58,SampleData_58,SampleData_58,SampleData_58,SampleData_58,SampleData_58,SampleData_58,SampleData_58,SampleData_58,SampleData_58,SampleData_58,SampleData_58,SampleData_58,SampleData_58,SampleData_58,SampleData_58,SampleData_58,SampleData_58,SampleData_58,SampleData_58,SampleData_58,SampleData_58,SampleData_58,SampleData_58,SampleData_58,SampleData_58,SampleData_58
SampleData_59,SampleData_59,SampleData_59,SampleData_59,SampleData_59,SampleData_59,SampleData_59,SampleData_59,SampleData_59,SampleData_59,SampleData_59,SampleData_59,SampleData_59,SampleData_59,SampleData_59,SampleData_59,SampleData_59,SampleData_59,SampleData_59,SampleData_59,SampleData_59,SampleData_59,SampleData_59,SampleData_59,SampleData_59,SampleData_59,SampleData_59,SampleData_59,SampleData_59,SampleData_59,SampleData_59,SampleData_59,SampleData_59,SampleData_59,SampleData_59,SampleData_59,SampleData_59,SampleData_59,SampleData_59,SampleData_59,SampleData_59,SampleData_59,SampleData_59,SampleData_59,SampleData_59,SampleData_59,SampleData_59,SampleData_59,SampleData_59,SampleData_59,SampleData_59,SampleData_59,SampleData_59,SampleData_59,SampleData_59,SampleData_59,SampleData_59,SampleData_59
SampleData_60,SampleData_60,SampleData_60,SampleData_60,SampleData_60,SampleData_60,SampleData_60,SampleData_60,SampleData_60,SampleData_60,SampleData_60,SampleData_60,SampleData_60,SampleData_60,SampleData_60,SampleData_60,SampleData_60,SampleData_60,SampleData_60,SampleData_60,SampleData_60,SampleData_60,SampleData_60,SampleData_60,SampleData_60,SampleData_60,SampleData_60,SampleData_60,SampleData_60,SampleData_60,SampleData_60,SampleData_60,SampleData_60,SampleData_60,SampleData_60,SampleData_60,SampleData_60,SampleData_60,SampleData_60,SampleData_60,SampleData_60,SampleData_60,SampleData_60,SampleData_60,SampleData_60,SampleData_60,SampleData_60,SampleData_60,SampleData_60,SampleData_60,SampleData_60,SampleData_60,SampleData_60,SampleData_60,SampleData_60,SampleData_60,SampleData_60,SampleData_60
SampleData_61,SampleData_61,SampleData_61,SampleData_61,SampleData_61,SampleData_61,SampleData_61,SampleData_61,SampleData_61,SampleData_61,SampleData_61,SampleData_61,SampleData_61,SampleData_61,SampleData_61,SampleData_61,SampleData_61,SampleData_61,SampleData_61,SampleData_61,SampleData_61,SampleData_61,SampleData_61,SampleData_61,SampleData_61,SampleData_61,SampleData_61,SampleData_61,SampleData_61,SampleData_61,SampleData_61,SampleData_61,SampleData_61,SampleData_61,SampleData_61,SampleData_61,SampleData_61,SampleData_61,SampleData_61,SampleData_61,SampleData_61,SampleData_61,SampleData_61,SampleData_61,SampleData_61,SampleData_61,SampleData_61,SampleData_61,SampleData_61,SampleData_61,SampleData_61,SampleData_61,SampleData_61,SampleData_61,SampleData_61,SampleData_61,SampleData_61,SampleData_61
SampleData_62,SampleData_62,SampleData_62,SampleData_62,SampleData_62,SampleData_62,SampleData_62,SampleData_62,SampleData_62,SampleData_62,SampleData_62,SampleData_62,SampleData_62,SampleData_62,SampleData_62,SampleData_62,SampleData_62,SampleData_62,SampleData_62,SampleData_62,SampleData_62,SampleData_62,SampleData_62,SampleData_62,SampleData_62,SampleData_62,SampleData_62,SampleData_62,SampleData_62,SampleData_62,SampleData_62,SampleData_62,SampleData_62,SampleData_62,SampleData_62,SampleData_62,SampleData_62,SampleData_62,SampleData_62,SampleData_62,SampleData_62,SampleData_62,SampleData_62,SampleData_62,SampleData_62,SampleData_62,SampleData_62,SampleData_62,SampleData_62,SampleData_62,SampleData_62,SampleData_62,SampleData_62,SampleData_62,SampleData_62,SampleData_62,SampleData_62,SampleData_62
SampleData_63,SampleData_63,SampleData_63,SampleData_63,SampleData_63,SampleData_63,SampleData_63,SampleData_63,SampleData_63,SampleData_63,SampleData_63,SampleData_63,SampleData_63,SampleData_63,SampleData_63,SampleData_63,SampleData_63,SampleData_63,SampleData_63,SampleData_63,SampleData_63,SampleData_63,SampleData_63,SampleData_63,SampleData_63,SampleData_63,SampleData_63,SampleData_63,SampleData_63,SampleData_63,SampleData_63,SampleData_63,SampleData_63,SampleData_63,SampleData_63,SampleData_63,SampleData_63,SampleData_63,SampleData_63,SampleData_63,SampleData_63,SampleData_63,SampleData_63,SampleData_63,SampleData_63,SampleData_63,SampleData_63,SampleData_63,SampleData_63,SampleData_63,SampleData_63,SampleData_63,SampleData_63,SampleData_63,SampleData_63,SampleData_63,SampleData_63,SampleData_63
SampleData_64,SampleData_64,SampleData_64,SampleData_64,SampleData_64,SampleData_64,SampleData_64,SampleData_64,SampleData_64,SampleData_64,SampleData_64,SampleData_64,SampleData_64,SampleData_64,SampleData_64,SampleData_64,SampleData_64,SampleData_64,SampleData_64,SampleData_64,SampleData_64,SampleData_64,SampleData_64,SampleData_64,SampleData_64,SampleData_64,SampleData_64,SampleData_64,SampleData_64,SampleData_64,SampleData_64,SampleData_64,SampleData_64,SampleData_64,SampleData_64,SampleData_64,SampleData_64,SampleData_64,SampleData_64,SampleData_64,SampleData_64,SampleData_64,SampleData_64,SampleData_64,SampleData_64,SampleData_64,SampleData_64,SampleData_64,SampleData_64,SampleData_64,SampleData_64,SampleData_64,SampleData_64,SampleData_64,SampleData_64,SampleData_64,SampleData_64,SampleData_64
SampleData_65,SampleData_65,SampleData_65,SampleData_65,SampleData_65,SampleData_65,SampleData_65,SampleData_65,SampleData_65,SampleData_65,SampleData_65,SampleData_65,SampleData_65,SampleData_65,SampleData_65,SampleData_65,SampleData_65,SampleData_65,SampleData_65,SampleData_65,SampleData_65,SampleData_65,SampleData_65,SampleData_65,SampleData_65,SampleData_65,SampleData_65,SampleData_65,SampleData_65,SampleData_65,SampleData_65,SampleData_65,SampleData_65,SampleData_65,SampleData_65,SampleData_65,SampleData_65,SampleData_65,SampleData_65,SampleData_65,SampleData_65,SampleData_65,SampleData_65,SampleData_65,SampleData_65,SampleData_65,SampleData_65,SampleData_65,SampleData_65,SampleData_65,SampleData_65,SampleData_65,SampleData_65,SampleData_65,SampleData_65,SampleData_65,SampleData_65,SampleData_65
SampleData_66,SampleData_66,SampleData_66,SampleData_66,SampleData_66,SampleData_66,SampleData_66,SampleData_66,SampleData_66,SampleData_66,SampleData_66,SampleData_66,SampleData_66,SampleData_66,SampleData_66,SampleData_66,SampleData_66,SampleData_66,SampleData_66,SampleData_66,SampleData_66,SampleData_66,SampleData_66,SampleData_66,SampleData_66,SampleData_66,SampleData_66,SampleData_66,SampleData_66,SampleData_66,SampleData_66,SampleData_66,SampleData_66,SampleData_66,SampleData_66,SampleData_66,SampleData_66,SampleData_66,SampleData_66,SampleData_66,SampleData_66,SampleData_66,SampleData_66,SampleData_66,SampleData_66,SampleData_66,SampleData_66,SampleData_66,SampleData_66,SampleData_66,SampleData_66,SampleData_66,SampleData_66,SampleData_66,SampleData_66,SampleData_66,SampleData_66,SampleData_66
SampleData_67,SampleData_67,SampleData_67,SampleData_67,SampleData_67,SampleData_67,SampleData_67,SampleData_67,SampleData_67,SampleData_67,SampleData_67,SampleData_67,SampleData_67,SampleData_67,SampleData_67,SampleData_67,SampleData_67,SampleData_67,SampleData_67,SampleData_67,SampleData_67,SampleData_67,SampleData_67,SampleData_67,SampleData_67,SampleData_67,SampleData_67,SampleData_67,SampleData_67,SampleData_67,SampleData_67,SampleData_67,SampleData_67,SampleData_67,SampleData_67,SampleData_67,SampleData_67,SampleData_67,SampleData_67,SampleData_67,SampleData_67,SampleData_67,SampleData_67,SampleData_67,SampleData_67,SampleData_67,SampleData_67,SampleData_67,SampleData_67,SampleData_67,SampleData_67,SampleData_67,SampleData_67,SampleData_67,SampleData_67,SampleData_67,SampleData_67,SampleData_67
SampleData_68,SampleData_68,SampleData_68,SampleData_68,SampleData_68,SampleData_68,SampleData_68,SampleData_68,SampleData_68,SampleData_68,SampleData_68,SampleData_68,SampleData_68,SampleData_68,SampleData_68,SampleData_68,SampleData_68,SampleData_68,SampleData_68,SampleData_68,SampleData_68,SampleData_68,SampleData_68,SampleData_68,SampleData_68,SampleData_68,SampleData_68,SampleData_68,SampleData_68,SampleData_68,SampleData_68,SampleData_68,SampleData_68,SampleData_68,SampleData_68,SampleData_68,SampleData_68,SampleData_68,SampleData_68,SampleData_68,SampleData_68,SampleData_68,SampleData_68,SampleData_68,SampleData_68,SampleData_68,SampleData_68,SampleData_68,SampleData_68,SampleData_68,SampleData_68,SampleData_68,SampleData_68,SampleData_68,SampleData_68,SampleData_68,SampleData_68,SampleData_68
SampleData_69,SampleData_69,SampleData_69,SampleData_69,SampleData_69,SampleData_69,SampleData_69,SampleData_69,SampleData_69,SampleData_69,SampleData_69,SampleData_69,SampleData_69,SampleData_69,SampleData_69,SampleData_69,SampleData_69,SampleData_69,SampleData_69,SampleData_69,SampleData_69,SampleData_69,SampleData_69,SampleData_69,SampleData_69,SampleData_69,SampleData_69,SampleData_69,SampleData_69,SampleData_69,SampleData_69,SampleData_69,SampleData_69,SampleData_69,SampleData_69,SampleData_69,SampleData_69,SampleData_69,SampleData_69,SampleData_69,SampleData_69,SampleData_69,SampleData_69,SampleData_69,SampleData_69,SampleData_69,SampleData_69,SampleData_69,SampleData_69,SampleData_69,SampleData_69,SampleData_69,SampleData_69,SampleData_69,SampleData_69,SampleData_69,SampleData_69,SampleData_69
SampleData_70,SampleData_70,SampleData_70,SampleData_70,SampleData_70,SampleData_70,SampleData_70,SampleData_70,SampleData_70,SampleData_70,SampleData_70,SampleData_70,SampleData_70,SampleData_70,SampleData_70,SampleData_70,SampleData_70,SampleData_70,SampleData_70,SampleData_70,SampleData_70,SampleData_70,SampleData_70,SampleData_70,SampleData_70,SampleData_70,SampleData_70,SampleData_70,SampleData_70,SampleData_70,SampleData_70,SampleData_70,SampleData_70,SampleData_70,SampleData_70,SampleData_70,SampleData_70,SampleData_70,SampleData_70,SampleData_70,SampleData_70,SampleData_70,SampleData_70,SampleData_70,SampleData_70,SampleData_70,SampleData_70,SampleData_70,SampleData_70,SampleData_70,SampleData_70,SampleData_70,SampleData_70,SampleData_70,SampleData_70,SampleData_70,SampleData_70,SampleData_70
SampleData_71,SampleData_71,SampleData_71,SampleData_71,SampleData_71,SampleData_71,SampleData_71,SampleData_71,SampleData_71,SampleData_71,SampleData_71,SampleData_71,SampleData_71,SampleData_71,SampleData_71,SampleData_71,SampleData_71,SampleData_71,SampleData_71,SampleData_71,SampleData_71,SampleData_71,SampleData_71,SampleData_71,SampleData_71,SampleData_71,SampleData_71,SampleData_71,SampleData_71,SampleData_71,SampleData_71,SampleData_71,SampleData_71,SampleData_71,SampleData_71,SampleData_71,SampleData_71,SampleData_71,SampleData_71,SampleData_71,SampleData_71,SampleData_71,SampleData_71,SampleData_71,SampleData_71,SampleData_71,SampleData_71,SampleData_71,SampleData_71,SampleData_71,SampleData_71,SampleData_71,SampleData_71,SampleData_71,SampleData_71,SampleData_71,SampleData_71,SampleData_71
SampleData_72,SampleData_72,SampleData_72,SampleData_72,SampleData_72,SampleData_72,SampleData_72,SampleData_72,SampleData_72,SampleData_72,SampleData_72,SampleData_72,SampleData_72,SampleData_72,SampleData_72,SampleData_72,SampleData_72,SampleData_72,SampleData_72,SampleData_72,SampleData_72,SampleData_72,SampleData_72,SampleData_72,SampleData_72,SampleData_72,SampleData_72,SampleData_72,SampleData_72,SampleData_72,SampleData_72,SampleData_72,SampleData_72,SampleData_72,SampleData_72,SampleData_72,SampleData_72,SampleData_72,SampleData_72,SampleData_72,SampleData_72,SampleData_72,SampleData_72,SampleData_72,SampleData_72,SampleData_72,SampleData_72,SampleData_72,SampleData_72,SampleData_72,SampleData_72,SampleData_72,SampleData_72,SampleData_72,SampleData_72,SampleData_72,SampleData_72,SampleData_72
SampleData_73,SampleData_73,SampleData_73,SampleData_73,SampleData_73,SampleData_73,SampleData_73,SampleData_73,SampleData_73,SampleData_73,SampleData_73,SampleData_73,SampleData_73,SampleData_73,SampleData_73,SampleData_73,SampleData_73,SampleData_73,SampleData_73,SampleData_73,SampleData_73,SampleData_73,SampleData_73,SampleData_73,SampleData_73,SampleData_73,SampleData_73,SampleData_73,SampleData_73,SampleData_73,SampleData_73,SampleData_73,SampleData_73,SampleData_73,SampleData_73,SampleData_73,SampleData_73,SampleData_73,SampleData_73,SampleData_73,SampleData_73,SampleData_73,SampleData_73,SampleData_73,SampleData_73,SampleData_73,SampleData_73,SampleData_73,SampleData_73,SampleData_73,SampleData_73,SampleData_73,SampleData_73,SampleData_73,SampleData_73,SampleData_73,SampleData_73,SampleData_73
SampleData_74,SampleData_74,SampleData_74,SampleData_74,SampleData_74,SampleData_74,SampleData_74,SampleData_74,SampleData_74,SampleData_74,SampleData_74,SampleData_74,SampleData_74,SampleData_74,SampleData_74,SampleData_74,SampleData_74,SampleData_74,SampleData_74,SampleData_74,SampleData_74,SampleData_74,SampleData_74,SampleData_74,SampleData_74,SampleData_74,SampleData_74,SampleData_74,SampleData_74,SampleData_74,SampleData_74,SampleData_74,SampleData_74,SampleData_74,SampleData_74,SampleData_74,SampleData_74,SampleData_74,SampleData_74,SampleData_74,SampleData_74,SampleData_74,SampleData_74,SampleData_74,SampleData_74,SampleData_74,SampleData_74,SampleData_74,SampleData_74,SampleData_74,SampleData_74,SampleData_74,SampleData_74,SampleData_74,SampleData_74,SampleData_74,SampleData_74,SampleData_74
SampleData_75,SampleData_75,SampleData_75,SampleData_75,SampleData_75,SampleData_75,SampleData_75,SampleData_75,SampleData_75,SampleData_75,SampleData_75,SampleData_75,SampleData_75,SampleData_75,SampleData_75,SampleData_75,SampleData_75,SampleData_75,SampleData_75,SampleData_75,SampleData_75,SampleData_75,SampleData_75,SampleData_75,SampleData_75,SampleData_75,SampleData_75,SampleData_75,SampleData_75,SampleData_75,SampleData_75,SampleData_75,SampleData_75,SampleData_75,SampleData_75,SampleData_75,SampleData_75,SampleData_75,SampleData_75,SampleData_75,SampleData_75,SampleData_75,SampleData_75,SampleData_75,SampleData_75,SampleData_75,SampleData_75,SampleData_75,SampleData_75,SampleData_75,SampleData_75,SampleData_75,SampleData_75,SampleData_75,SampleData_75,SampleData_75,SampleData_75,SampleData_75
SampleData_76,SampleData_76,SampleData_76,SampleData_76,SampleData_76,SampleData_76,SampleData_76,SampleData_76,SampleData_76,SampleData_76,SampleData_76,SampleData_76,SampleData_76,SampleData_76,SampleData_76,SampleData_76,SampleData_76,SampleData_76,SampleData_76,SampleData_76,SampleData_76,SampleData_76,SampleData_76,SampleData_76,SampleData_76,SampleData_76,SampleData_76,SampleData_76,SampleData_76,SampleData_76,SampleData_76,SampleData_76,SampleData_76,SampleData_76,SampleData_76,SampleData_76,SampleData_76,SampleData_76,SampleData_76,SampleData_76,SampleData_76,SampleData_76,SampleData_76,SampleData_76,SampleData_76,SampleData_76,SampleData_76,SampleData_76,SampleData_76,SampleData_76,SampleData_76,SampleData_76,SampleData_76,SampleData_76,SampleData_76,SampleData_76,SampleData_76,SampleData_76
SampleData_77,SampleData_77,SampleData_77,SampleData_77,SampleData_77,SampleData_77,SampleData_77,SampleData_77,SampleData_77,SampleData_77,SampleData_77,SampleData_77,SampleData_77,SampleData_77,SampleData_77,SampleData_77,SampleData_77,SampleData_77,SampleData_77,SampleData_77,SampleData_77,SampleData_77,SampleData_77,SampleData_77,SampleData_77,SampleData_77,SampleData_77,SampleData_77,SampleData_77,SampleData_77,SampleData_77,SampleData_77,SampleData_77,SampleData_77,SampleData_77,SampleData_77,SampleData_77,SampleData_77,SampleData_77,SampleData_77,SampleData_77,SampleData_77,SampleData_77,SampleData_77,SampleData_77,SampleData_77,SampleData_77,SampleData_77,SampleData_77,SampleData_77,SampleData_77,SampleData_77,SampleData_77,SampleData_77,SampleData_77,SampleData_77,SampleData_77,SampleData_77
SampleData_78,SampleData_78,SampleData_78,SampleData_78,SampleData_78,SampleData_78,SampleData_78,SampleData_78,SampleData_78,SampleData_78,SampleData_78,SampleData_78,SampleData_78,SampleData_78,SampleData_78,SampleData_78,SampleData_78,SampleData_78,SampleData_78,SampleData_78,SampleData_78,SampleData_78,SampleData_78,SampleData_78,SampleData_78,SampleData_78,SampleData_78,SampleData_78,SampleData_78,SampleData_78,SampleData_78,SampleData_78,SampleData_78,SampleData_78,SampleData_78,SampleData_78,SampleData_78,SampleData_78,SampleData_78,SampleData_78,SampleData_78,SampleData_78,SampleData_78,SampleData_78,SampleData_78,SampleData_78,SampleData_78,SampleData_78,SampleData_78,SampleData_78,SampleData_78,SampleData_78,SampleData_78,SampleData_78,SampleData_78,SampleData_78,SampleData_78,SampleData_78
SampleData_79,SampleData_79,SampleData_79,SampleData_79,SampleData_79,SampleData_79,SampleData_79,SampleData_79,SampleData_79,SampleData_79,SampleData_79,SampleData_79,SampleData_79,SampleData_79,SampleData_79,SampleData_79,SampleData_79,SampleData_79,SampleData_79,SampleData_79,SampleData_79,SampleData_79,SampleData_79,SampleData_79,SampleData_79,SampleData_79,SampleData_79,SampleData_79,SampleData_79,SampleData_79,SampleData_79,SampleData_79,SampleData_79,SampleData_79,SampleData_79,SampleData_79,SampleData_79,SampleData_79,SampleData_79,SampleData_79,SampleData_79,SampleData_79,SampleData_79,SampleData_79,SampleData_79,SampleData_79,SampleData_79,SampleData_79,SampleData_79,SampleData_79,SampleData_79,SampleData_79,SampleData_79,SampleData_79,SampleData_79,SampleData_79,SampleData_79,SampleData_79
SampleData_80,SampleData_80,SampleData_80,SampleData_80,SampleData_80,SampleData_80,SampleData_80,SampleData_80,SampleData_80,SampleData_80,SampleData_80,SampleData_80,SampleData_80,SampleData_80,SampleData_80,SampleData_80,SampleData_80,SampleData_80,SampleData_80,SampleData_80,SampleData_80,SampleData_80,SampleData_80,SampleData_80,SampleData_80,SampleData_80,SampleData_80,SampleData_80,SampleData_80,SampleData_80,SampleData_80,SampleData_80,SampleData_80,SampleData_80,SampleData_80,SampleData_80,SampleData_80,SampleData_80,SampleData_80,SampleData_80,SampleData_80,SampleData_80,SampleData_80,SampleData_80,SampleData_80,SampleData_80,SampleData_80,SampleData_80,SampleData_80,SampleData_80,SampleData_80,SampleData_80,SampleData_80,SampleData_80,SampleData_80,SampleData_80,SampleData_80,SampleData_80
SampleData_81,SampleData_81,SampleData_81,SampleData_81,SampleData_81,SampleData_81,SampleData_81,SampleData_81,SampleData_81,SampleData_81,SampleData_81,SampleData_81,SampleData_81,SampleData_81,SampleData_81,SampleData_81,SampleData_81,SampleData_81,SampleData_81,SampleData_81,SampleData_81,SampleData_81,SampleData_81,SampleData_81,SampleData_81,SampleData_81,SampleData_81,SampleData_81,SampleData_81,SampleData_81,SampleData_81,SampleData_81,SampleData_81,SampleData_81,SampleData_81,SampleData_81,SampleData_81,SampleData_81,SampleData_81,SampleData_81,SampleData_81,SampleData_81,SampleData_81,SampleData_81,SampleData_81,SampleData_81,SampleData_81,SampleData_81,SampleData_81,SampleData_81,SampleData_81,SampleData_81,SampleData_81,SampleData_81,SampleData_81,SampleData_81,SampleData_81,SampleData_81
SampleData_82,SampleData_82,SampleData_82,SampleData_82,SampleData_82,SampleData_82,SampleData_82,SampleData_82,SampleData_82,SampleData_82,SampleData_82,SampleData_82,SampleData_82,SampleData_82,SampleData_82,SampleData_82,SampleData_82,SampleData_82,SampleData_82,SampleData_82,SampleData_82,SampleData_82,SampleData_82,SampleData_82,SampleData_82,SampleData_82,SampleData_82,SampleData_82,SampleData_82,SampleData_82,SampleData_82,SampleData_82,SampleData_82,SampleData_82,SampleData_82,SampleData_82,SampleData_82,SampleData_82,SampleData_82,SampleData_82,SampleData_82,SampleData_82,SampleData_82,SampleData_82,SampleData_82,SampleData_82,SampleData_82,SampleData_82,SampleData_82,SampleData_82,SampleData_82,SampleData_82,SampleData_82,SampleData_82,SampleData_82,SampleData_82,SampleData_82,SampleData_82
SampleData_83,SampleData_83,SampleData_83,SampleData_83,SampleData_83,SampleData_83,SampleData_83,SampleData_83,SampleData_83,SampleData_83,SampleData_83,SampleData_83,SampleData_83,SampleData_83,SampleData_83,SampleData_83,SampleData_83,SampleData_83,SampleData_83,SampleData_83,SampleData_83,SampleData_83,SampleData_83,SampleData_83,SampleData_83,SampleData_83,SampleData_83,SampleData_83,SampleData_83,SampleData_83,SampleData_83,SampleData_83,SampleData_83,SampleData_83,SampleData_83,SampleData_83,SampleData_83,SampleData_83,SampleData_83,SampleData_83,SampleData_83,SampleData_83,SampleData_83,SampleData_83,SampleData_83,SampleData_83,SampleData_83,SampleData_83,SampleData_83,SampleData_83,SampleData_83,SampleData_83,SampleData_83,SampleData_83,SampleData_83,SampleData_83,SampleData_83,SampleData_83
SampleData_84,SampleData_84,SampleData_84,SampleData_84,SampleData_84,SampleData_84,SampleData_84,SampleData_84,SampleData_84,SampleData_84,SampleData_84,SampleData_84,SampleData_84,SampleData_84,SampleData_84,SampleData_84,SampleData_84,SampleData_84,SampleData_84,SampleData_84,SampleData_84,SampleData_84,SampleData_84,SampleData_84,SampleData_84,SampleData_84,SampleData_84,SampleData_84,SampleData_84,SampleData_84,SampleData_84,SampleData_84,SampleData_84,SampleData_84,SampleData_84,SampleData_84,SampleData_84,SampleData_84,SampleData_84,SampleData_84,SampleData_84,SampleData_84,SampleData_84,SampleData_84,SampleData_84,SampleData_84,SampleData_84,SampleData_84,SampleData_84,SampleData_84,SampleData_84,SampleData_84,SampleData_84,SampleData_84,SampleData_84,SampleData_84,SampleData_84,SampleData_84
SampleData_85,SampleData_85,SampleData_85,SampleData_85,SampleData_85,SampleData_85,SampleData_85,SampleData_85,SampleData_85,SampleData_85,SampleData_85,SampleData_85,SampleData_85,SampleData_85,SampleData_85,SampleData_85,SampleData_85,SampleData_85,SampleData_85,SampleData_85,SampleData_85,SampleData_85,SampleData_85,SampleData_85,SampleData_85,SampleData_85,SampleData_85,SampleData_85,SampleData_85,SampleData_85,SampleData_85,SampleData_85,SampleData_85,SampleData_85,SampleData_85,SampleData_85,SampleData_85,SampleData_85,SampleData_85,SampleData_85,SampleData_85,SampleData_85,SampleData_85,SampleData_85,SampleData_85,SampleData_85,SampleData_85,SampleData_85,SampleData_85,SampleData_85,SampleData_85,SampleData_85,SampleData_85,SampleData_85,SampleData_85,SampleData_85,SampleData_85,SampleData_85
SampleData_86,SampleData_86,SampleData_86,SampleData_86,SampleData_86,SampleData_86,SampleData_86,SampleData_86,SampleData_86,SampleData_86,SampleData_86,SampleData_86,SampleData_86,SampleData_86,SampleData_86,SampleData_86,SampleData_86,SampleData_86,SampleData_86,SampleData_86,SampleData_86,SampleData_86,SampleData_86,SampleData_86,SampleData_86,SampleData_86,SampleData_86,SampleData_86,SampleData_86,SampleData_86,SampleData_86,SampleData_86,SampleData_86,SampleData_86,SampleData_86,SampleData_86,SampleData_86,SampleData_86,SampleData_86,SampleData_86,SampleData_86,SampleData_86,SampleData_86,SampleData_86,SampleData_86,SampleData_86,SampleData_86,SampleData_86,SampleData_86,SampleData_86,SampleData_86,SampleData_86,SampleData_86,SampleData_86,SampleData_86,SampleData_86,SampleData_86,SampleData_86
SampleData_87,SampleData_87,SampleData_87,SampleData_87,SampleData_87,SampleData_87,SampleData_87,SampleData_87,SampleData_87,SampleData_87,SampleData_87,SampleData_87,SampleData_87,SampleData_87,SampleData_87,SampleData_87,SampleData_87,SampleData_87,SampleData_87,SampleData_87,SampleData_87,SampleData_87,SampleData_87,SampleData_87,SampleData_87,SampleData_87,SampleData_87,SampleData_87,SampleData_87,SampleData_87,SampleData_87,SampleData_87,SampleData_87,SampleData_87,SampleData_87,SampleData_87,SampleData_87,SampleData_87,SampleData_87,SampleData_87,SampleData_87,SampleData_87,SampleData_87,SampleData_87,SampleData_87,SampleData_87,SampleData_87,SampleData_87,SampleData_87,SampleData_87,SampleData_87,SampleData_87,SampleData_87,SampleData_87,SampleData_87,SampleData_87,SampleData_87,SampleData_87
SampleData_88,SampleData_88,SampleData_88,SampleData_88,SampleData_88,SampleData_88,SampleData_88,SampleData_88,SampleData_88,SampleData_88,SampleData_88,SampleData_88,SampleData_88,SampleData_88,SampleData_88,SampleData_88,SampleData_88,SampleData_88,SampleData_88,SampleData_88,SampleData_88,SampleData_88,SampleData_88,SampleData_88,SampleData_88,SampleData_88,SampleData_88,SampleData_88,SampleData_88,SampleData_88,SampleData_88,SampleData_88,SampleData_88,SampleData_88,SampleData_88,SampleData_88,SampleData_88,SampleData_88,SampleData_88,SampleData_88,SampleData_88,SampleData_88,SampleData_88,SampleData_88,SampleData_88,SampleData_88,SampleData_88,SampleData_88,SampleData_88,SampleData_88,SampleData_88,SampleData_88,SampleData_88,SampleData_88,SampleData_88,SampleData_88,SampleData_88,SampleData_88
SampleData_89,SampleData_89,SampleData_89,SampleData_89,SampleData_89,SampleData_89,SampleData_89,SampleData_89,SampleData_89,SampleData_89,SampleData_89,SampleData_89,SampleData_89,SampleData_89,SampleData_89,SampleData_89,SampleData_89,SampleData_89,SampleData_89,SampleData_89,SampleData_89,SampleData_89,SampleData_89,SampleData_89,SampleData_89,SampleData_89,SampleData_89,SampleData_89,SampleData_89,SampleData_89,SampleData_89,SampleData_89,SampleData_89,SampleData_89,SampleData_89,SampleData_89,SampleData_89,SampleData_89,SampleData_89,SampleData_89,SampleData_89,SampleData_89,SampleData_89,SampleData_89,SampleData_89,SampleData_89,SampleData_89,SampleData_89,SampleData_89,SampleData_89,SampleData_89,SampleData_89,SampleData_89,SampleData_89,SampleData_89,SampleData_89,SampleData_89,SampleData_89
SampleData_90,SampleData_90,SampleData_90,SampleData_90,SampleData_90,SampleData_90,SampleData_90,SampleData_90,SampleData_90,SampleData_90,SampleData_90,SampleData_90,SampleData_90,SampleData_90,SampleData_90,SampleData_90,SampleData_90,SampleData_90,SampleData_90,SampleData_90,SampleData_90,SampleData_90,SampleData_90,SampleData_90,SampleData_90,SampleData_90,SampleData_90,SampleData_90,SampleData_90,SampleData_90,SampleData_90,SampleData_90,SampleData_90,SampleData_90,SampleData_90,SampleData_90,SampleData_90,SampleData_90,SampleData_90,SampleData_90,SampleData_90,SampleData_90,SampleData_90,SampleData_90,SampleData_90,SampleData_90,SampleData_90,SampleData_90,SampleData_90,SampleData_90,SampleData_90,SampleData_90,SampleData_90,SampleData_90,SampleData_90,SampleData_90,SampleData_90,SampleData_90
SampleData_91,SampleData_91,SampleData_91,SampleData_91,SampleData_91,SampleData_91,SampleData_91,SampleData_91,SampleData_91,SampleData_91,SampleData_91,SampleData_91,SampleData_91,SampleData_91,SampleData_91,SampleData_91,SampleData_91,SampleData_91,SampleData_91,SampleData_91,SampleData_91,SampleData_91,SampleData_91,SampleData_91,SampleData_91,SampleData_91,SampleData_91,SampleData_91,SampleData_91,SampleData_91,SampleData_91,SampleData_91,SampleData_91,SampleData_91,SampleData_91,SampleData_91,SampleData_91,SampleData_91,SampleData_91,SampleData_91,SampleData_91,SampleData_91,SampleData_91,SampleData_91,SampleData_91,SampleData_91,SampleData_91,SampleData_91,SampleData_91,SampleData_91,SampleData_91,SampleData_91,SampleData_91,SampleData_91,SampleData_91,SampleData_91,SampleData_91,SampleData_91
SampleData_92,SampleData_92,SampleData_92,SampleData_92,SampleData_92,SampleData_92,SampleData_92,SampleData_92,SampleData_92,SampleData_92,SampleData_92,SampleData_92,SampleData_92,SampleData_92,SampleData_92,SampleData_92,SampleData_92,SampleData_92,SampleData_92,SampleData_92,SampleData_92,SampleData_92,SampleData_92,SampleData_92,SampleData_92,SampleData_92,SampleData_92,SampleData_92,SampleData_92,SampleData_92,SampleData_92,SampleData_92,SampleData_92,SampleData_92,SampleData_92,SampleData_92,SampleData_92,SampleData_92,SampleData_92,SampleData_92,SampleData_92,SampleData_92,SampleData_92,SampleData_92,SampleData_92,SampleData_92,SampleData_92,SampleData_92,SampleData_92,SampleData_92,SampleData_92,SampleData_92,SampleData_92,SampleData_92,SampleData_92,SampleData_92,SampleData_92,SampleData_92
SampleData_93,SampleData_93,SampleData_93,SampleData_93,SampleData_93,SampleData_93,SampleData_93,SampleData_93,SampleData_93,SampleData_93,SampleData_93,SampleData_93,SampleData_93,SampleData_93,SampleData_93,SampleData_93,SampleData_93,SampleData_93,SampleData_93,SampleData_93,SampleData_93,SampleData_93,SampleData_93,SampleData_93,SampleData_93,SampleData_93,SampleData_93,SampleData_93,SampleData_93,SampleData_93,SampleData_93,SampleData_93,SampleData_93,SampleData_93,SampleData_93,SampleData_93,SampleData_93,SampleData_93,SampleData_93,SampleData_93,SampleData_93,SampleData_93,SampleData_93,SampleData_93,SampleData_93,SampleData_93,SampleData_93,SampleData_93,SampleData_93,SampleData_93,SampleData_93,SampleData_93,SampleData_93,SampleData_93,SampleData_93,SampleData_93,SampleData_93,SampleData_93
SampleData_94,SampleData_94,SampleData_94,SampleData_94,SampleData_94,SampleData_94,SampleData_94,SampleData_94,SampleData_94,SampleData_94,SampleData_94,SampleData_94,SampleData_94,SampleData_94,SampleData_94,SampleData_94,SampleData_94,SampleData_94,SampleData_94,SampleData_94,SampleData_94,SampleData_94,SampleData_94,SampleData_94,SampleData_94,SampleData_94,SampleData_94,SampleData_94,SampleData_94,SampleData_94,SampleData_94,SampleData_94,SampleData_94,SampleData_94,SampleData_94,SampleData_94,SampleData_94,SampleData_94,SampleData_94,SampleData_94,SampleData_94,SampleData_94,SampleData_94,SampleData_94,SampleData_94,SampleData_94,SampleData_94,SampleData_94,SampleData_94,SampleData_94,SampleData_94,SampleData_94,SampleData_94,SampleData_94,SampleData_94,SampleData_94,SampleData_94,SampleData_94
SampleData_95,SampleData_95,SampleData_95,SampleData_95,SampleData_95,SampleData_95,SampleData_95,SampleData_95,SampleData_95,SampleData_95,SampleData_95,SampleData_95,SampleData_95,SampleData_95,SampleData_95,SampleData_95,SampleData_95,SampleData_95,SampleData_95,SampleData_95,SampleData_95,SampleData_95,SampleData_95,SampleData_95,SampleData_95,SampleData_95,SampleData_95,SampleData_95,SampleData_95,SampleData_95,SampleData_95,SampleData_95,SampleData_95,SampleData_95,SampleData_95,SampleData_95,SampleData_95,SampleData_95,SampleData_95,SampleData_95,SampleData_95,SampleData_95,SampleData_95,SampleData_95,SampleData_95,SampleData_95,SampleData_95,SampleData_95,SampleData_95,SampleData_95,SampleData_95,SampleData_95,SampleData_95,SampleData_95,SampleData_95,SampleData_95,SampleData_95,SampleData_95
SampleData_96,SampleData_96,SampleData_96,SampleData_96,SampleData_96,SampleData_96,SampleData_96,SampleData_96,SampleData_96,SampleData_96,SampleData_96,SampleData_96,SampleData_96,SampleData_96,SampleData_96,SampleData_96,SampleData_96,SampleData_96,SampleData_96,SampleData_96,SampleData_96,SampleData_96,SampleData_96,SampleData_96,SampleData_96,SampleData_96,SampleData_96,SampleData_96,SampleData_96,SampleData_96,SampleData_96,SampleData_96,SampleData_96,SampleData_96,SampleData_96,SampleData_96,SampleData_96,SampleData_96,SampleData_96,SampleData_96,SampleData_96,SampleData_96,SampleData_96,SampleData_96,SampleData_96,SampleData_96,SampleData_96,SampleData_96,SampleData_96,SampleData_96,SampleData_96,SampleData_96,SampleData_96,SampleData_96,SampleData_96,SampleData_96,SampleData_96,SampleData_96
SampleData_97,SampleData_97,SampleData_97,SampleData_97,SampleData_97,SampleData_97,SampleData_97,SampleData_97,SampleData_97,SampleData_97,SampleData_97,SampleData_97,SampleData_97,SampleData_97,SampleData_97,SampleData_97,SampleData_97,SampleData_97,SampleData_97,SampleData_97,SampleData_97,SampleData_97,SampleData_97,SampleData_97,SampleData_97,SampleData_97,SampleData_97,SampleData_97,SampleData_97,SampleData_97,SampleData_97,SampleData_97,SampleData_97,SampleData_97,SampleData_97,SampleData_97,SampleData_97,SampleData_97,SampleData_97,SampleData_97,SampleData_97,SampleData_97,SampleData_97,SampleData_97,SampleData_97,SampleData_97,SampleData_97,SampleData_97,SampleData_97,SampleData_97,SampleData_97,SampleData_97,SampleData_97,SampleData_97,SampleData_97,SampleData_97,SampleData_97,SampleData_97
SampleData_98,SampleData_98,SampleData_98,SampleData_98,SampleData_98,SampleData_98,SampleData_98,SampleData_98,SampleData_98,SampleData_98,SampleData_98,SampleData_98,SampleData_98,SampleData_98,SampleData_98,SampleData_98,SampleData_98,SampleData_98,SampleData_98,SampleData_98,SampleData_98,SampleData_98,SampleData_98,SampleData_98,SampleData_98,SampleData_98,SampleData_98,SampleData_98,SampleData_98,SampleData_98,SampleData_98,SampleData_98,SampleData_98,SampleData_98,SampleData_98,SampleData_98,SampleData_98,SampleData_98,SampleData_98,SampleData_98,SampleData_98,SampleData_98,SampleData_98,SampleData_98,SampleData_98,SampleData_98,SampleData_98,SampleData_98,SampleData_98,SampleData_98,SampleData_98,SampleData_98,SampleData_98,SampleData_98,SampleData_98,SampleData_98,SampleData_98,SampleData_98
SampleData_99,SampleData_99,SampleData_99,SampleData_99,SampleData_99,SampleData_99,SampleData_99,SampleData_99,SampleData_99,SampleData_99,SampleData_99,SampleData_99,SampleData_99,SampleData_99,SampleData_99,SampleData_99,SampleData_99,SampleData_99,SampleData_99,SampleData_99,SampleData_99,SampleData_99,SampleData_99,SampleData_99,SampleData_99,SampleData_99,SampleData_99,SampleData_99,SampleData_99,SampleData_99,SampleData_99,SampleData_99,SampleData_99,SampleData_99,SampleData_99,SampleData_99,SampleData_99,SampleData_99,SampleData_99,SampleData_99,SampleData_99,SampleData_99,SampleData_99,SampleData_99,SampleData_99,SampleData_99,SampleData_99,SampleData_99,SampleData_99,SampleData_99,SampleData_99,SampleData_99,SampleData_99,SampleData_99,SampleData_99,SampleData_99,SampleData_99,SampleData_99
